<?xml version="1.0" encoding="UTF-8"?>
<project-private xmlns="http://www.netbeans.org/ns/project-private/1">
    <editor-bookmarks xmlns="http://www.netbeans.org/ns/editor-bookmarks/2" lastBookmarkId="0"/>
    <open-files xmlns="http://www.netbeans.org/ns/projectui-open-files/2">
        <group>
            <file>file://teraetu.univ-lyon1.fr/homeetu/p1800674/My%20Documents/NetBeansProjects/AppliSyth/src/applisyth/MenuSurLeCoteAdmin.java</file>
            <file>file://teraetu.univ-lyon1.fr/homeetu/p1800674/My%20Documents/NetBeansProjects/AppliSyth/src/applisyth/Accueil.java</file>
            <file>file://teraetu.univ-lyon1.fr/homeetu/p1800674/My%20Documents/NetBeansProjects/AppliSyth/src/applisyth/MenuSurLeCoteEtudiant.java</file>
        </group>
    </open-files>
</project-private>
