<?xml version="1.0" encoding="UTF-8"?>
<project-private xmlns="http://www.netbeans.org/ns/project-private/1">
    <editor-bookmarks xmlns="http://www.netbeans.org/ns/editor-bookmarks/2" lastBookmarkId="0"/>
    <open-files xmlns="http://www.netbeans.org/ns/projectui-open-files/2">
        <group>
            <file>file:/Z:/appli%20synth/Acceuil/src/vue/AjoutEtudiant.java</file>
            <file>file:/Z:/appli%20synth/Acceuil/src/vue/Truc.java</file>
            <file>file:/Z:/appli%20synth/Acceuil/src/vue/AjoutClient.java</file>
            <file>file:/Z:/appli%20synth/Acceuil/src/vue/Acceuil.java</file>
        </group>
    </open-files>
</project-private>
